,Tipo,Alto,Normal,Baixo,MÃ­nimo
1/2005,Tipo1,,491.59,357.25,296.73
1/2005,Tipo2,,552.51,400.47,333.38
1/2005,Tipo3,,547.9,405.8,343.79
1/2005,Tipo4,552.31,467.12,337.99,
1/2005,Tipo5,,598.81,432.28,363.71
1/2005,Tipo6,,506.95,395.42,343.96
1/2005,Tipo7,,445.69,350.15,301.51
2/2005,Tipo1,,490.03,358.33,297.39
2/2005,Tipo2,,550.97,401.83,334.26
2/2005,Tipo3,,546.49,407,344.6
2/2005,Tipo4,553.48,465.77,338.97,
2/2005,Tipo5,,597.11,433.77,364.65
2/2005,Tipo6,,507.06,397.35,345.47
2/2005,Tipo7,,446.04,352.13,303.13
3/2005,Tipo1,,490.93,359.22,297.62
3/2005,Tipo2,,551.89,402.76,334.51
3/2005,Tipo3,,547.31,407.77,344.72
3/2005,Tipo4,555.19,466.66,339.8,
3/2005,Tipo5,,598.06,434.7,364.87
3/2005,Tipo6,,507.95,398.13,345.62
3/2005,Tipo7,,446.79,352.83,303.23
4/2005,Tipo1,,493.01,359.75,297.89
4/2005,Tipo2,,554.1,403.35,334.79
4/2005,Tipo3,,549.38,408.31,344.99
4/2005,Tipo4,560.63,468.64,340.3,
4/2005,Tipo5,,600.39,435.34,365.18
4/2005,Tipo6,,509.21,398.53,345.67
4/2005,Tipo7,,447.7,353.1,303.26
5/2005,Tipo1,,507.43,369.15,305.73
5/2005,Tipo2,,570.27,413.96,343.65
5/2005,Tipo3,,565.44,419.16,354.12
5/2005,Tipo4,575.37,482.55,349.31,
5/2005,Tipo5,,617.96,446.91,374.89
5/2005,Tipo6,,524,409.46,355.19
5/2005,Tipo7,,459.74,361.99,310.78
6/2005,Tipo1,,510.13,370.91,307.43
6/2005,Tipo2,,573.35,415.99,345.57
6/2005,Tipo3,,568.47,421.19,356.03
6/2005,Tipo4,577.33,485.08,350.89,
6/2005,Tipo5,,621.3,449.11,376.99
6/2005,Tipo6,,526.52,411.39,357.01
6/2005,Tipo7,,462.16,363.77,312.48
7/2005,Tipo1,,511.37,372.12,308.51
7/2005,Tipo2,,574.86,417.49,346.92
7/2005,Tipo3,,570.21,422.72,357.45
7/2005,Tipo4,578.38,486.57,352.07,
7/2005,Tipo5,,622.62,450.71,378.42
7/2005,Tipo6,,528.79,413.61,359.11
7/2005,Tipo7,,464.56,366.12,314.74
8/2005,Tipo1,,512.17,372.51,308.82
8/2005,Tipo2,,575.83,417.97,347.32
8/2005,Tipo3,,571.15,423.24,357.9
8/2005,Tipo4,579.51,487.3,352.4,
8/2005,Tipo5,,623.68,451.27,378.88
8/2005,Tipo6,,529.77,414.1,359.56
8/2005,Tipo7,,465.3,366.55,315.11
9/2005,Tipo1,,508.98,371.33,307.08
9/2005,Tipo2,,572.65,416.88,345.59
9/2005,Tipo3,,568.39,422.21,356.22
9/2005,Tipo4,575.93,484.71,351.44,
9/2005,Tipo5,,620.25,450.02,376.94
9/2005,Tipo6,,528.77,413.87,358.78
9/2005,Tipo7,,464.56,366.4,314.38
10/2005,Tipo1,,510.37,371.19,307.03
10/2005,Tipo2,,574.2,416.76,345.54
10/2005,Tipo3,,569.68,422,356.06
10/2005,Tipo4,577.29,485.82,351.23,
10/2005,Tipo5,,621.95,449.89,376.89
10/2005,Tipo6,,529.55,413.76,358.79
10/2005,Tipo7,,465.31,366.31,314.34
11/2005,Tipo1,,512.11,371.84,307.54
11/2005,Tipo2,,576.07,417.41,346.06
11/2005,Tipo3,,571.38,422.66,356.58
11/2005,Tipo4,578.78,487.36,351.93,
11/2005,Tipo5,,623.97,450.5,377.36
11/2005,Tipo6,,530.95,414.35,359.19
11/2005,Tipo7,,466.47,366.79,314.69
12/2005,Tipo1,,514.21,373.8,307.85
12/2005,Tipo2,,578.07,419.34,346.39
12/2005,Tipo3,,573.49,424.58,356.98
12/2005,Tipo4,579.78,489.39,353.78,
12/2005,Tipo5,,626.01,452.46,377.72
12/2005,Tipo6,,532.7,416.24,359.67
12/2005,Tipo7,,468.21,368.67,315.07
1/2006,Tipo1,,515.45,374.47,308.28
1/2006,Tipo2,,579.45,420.07,346.85
1/2006,Tipo3,,574.98,425.49,357.62
1/2006,Tipo4,581.13,490.6,354.47,
1/2006,Tipo5,,627.61,453.27,378.23
1/2006,Tipo6,,533.76,416.77,359.91
1/2006,Tipo7,,469.07,369.07,315.23
2/2006,Tipo1,,516.55,375.01,308.78
2/2006,Tipo2,,580.65,420.66,347.4
2/2006,Tipo3,,576.24,426.26,358.35
2/2006,Tipo4,581.9,491.62,355.03,
2/2006,Tipo5,,629.06,453.98,378.89
2/2006,Tipo6,,534.55,417.3,360.4
2/2006,Tipo7,,469.88,369.63,315.77
3/2006,Tipo1,,517.41,375.4,308.83
3/2006,Tipo2,,581.64,421.12,347.46
3/2006,Tipo3,,577.23,426.75,358.47
3/2006,Tipo4,582.71,492.53,355.5,
3/2006,Tipo5,,630.17,454.49,378.96
3/2006,Tipo6,,535.66,417.91,360.56
3/2006,Tipo7,,470.89,370.26,316.06
4/2006,Tipo1,,519.19,376.1,309.52
4/2006,Tipo2,,583.63,421.9,348.23
4/2006,Tipo3,,578.93,427.35,359.08
4/2006,Tipo4,584.47,493.95,355.99,
4/2006,Tipo5,,632.29,455.29,379.76
4/2006,Tipo6,,536.71,418.08,360.74
4/2006,Tipo7,,471.44,370.08,315.89
5/2006,Tipo1,,523.79,378.91,312.35
5/2006,Tipo2,,588.8,425.1,351.44
5/2006,Tipo3,,583.92,430.56,362.31
5/2006,Tipo4,589.78,498.33,358.7,
5/2006,Tipo5,,637.68,458.62,383.06
5/2006,Tipo6,,541.1,421.29,363.96
5/2006,Tipo7,,474.88,372.52,318.35
6/2006,Tipo1,,535.8,387.44,320.25
6/2006,Tipo2,,602.5,434.87,360.44
6/2006,Tipo3,,597.55,440.52,371.46
6/2006,Tipo4,602.75,509.77,366.81,
6/2006,Tipo5,,652.42,469.14,392.76
6/2006,Tipo6,,554.25,431.62,373.76
6/2006,Tipo7,,486.1,381.28,326.54
7/2006,Tipo1,,537.32,387.99,320.77
7/2006,Tipo2,,604.21,435.49,361.05
7/2006,Tipo3,,599.13,441.05,372.09
7/2006,Tipo4,603.76,511.03,367.07,
7/2006,Tipo5,,654.23,469.89,393.54
7/2006,Tipo6,,555.76,432.13,374.18
7/2006,Tipo7,,487.05,381.51,326.86
8/2006,Tipo1,,539.15,388.85,321.71
8/2006,Tipo2,,606.38,436.58,362.23
8/2006,Tipo3,,601.26,442.17,373.33
8/2006,Tipo4,605.87,512.79,367.89,
8/2006,Tipo5,,656.26,470.9,394.71
8/2006,Tipo6,,558.31,433.95,376
8/2006,Tipo7,,489.47,383.35,328.81
9/2006,Tipo1,,539.18,388.69,322.22
9/2006,Tipo2,,606.64,436.6,362.9
9/2006,Tipo3,,601.58,442.12,373.91
9/2006,Tipo4,606.45,513.12,367.75,
9/2006,Tipo5,,656.37,470.93,395.39
9/2006,Tipo6,,559.13,434.58,377.25
9/2006,Tipo7,,490.51,384.12,330.2
10/2006,Tipo1,,541.02,389.18,323.21
10/2006,Tipo2,,608.8,437.22,363.99
10/2006,Tipo3,,603.63,442.8,375.04
10/2006,Tipo4,608.89,514.75,368.18,
10/2006,Tipo5,,658.81,471.67,396.58
10/2006,Tipo6,,560.83,434.92,378.03
10/2006,Tipo7,,491.64,384.26,330.78
11/2006,Tipo1,,543.07,389.96,324.47
11/2006,Tipo2,,611.12,438.13,365.36
11/2006,Tipo3,,605.83,443.81,376.48
11/2006,Tipo4,612.21,516.55,368.87,
11/2006,Tipo5,,661.29,472.67,398.04
11/2006,Tipo6,,562.19,435.48,379.01
11/2006,Tipo7,,492.63,384.59,331.54
12/2006,Tipo1,,544.4,391.05,325.51
12/2006,Tipo2,,612.59,439.36,366.54
12/2006,Tipo3,,607.75,445.43,378.02
12/2006,Tipo4,615.74,517.93,369.92,
12/2006,Tipo5,,662.79,473.96,399.27
12/2006,Tipo6,,563.51,436.63,380.08
12/2006,Tipo7,,493.63,385.47,332.35
1/2007,Tipo1,,545.92,391.02,325.38
1/2007,Tipo2,,614.4,439.36,366.42
1/2007,Tipo3,,609.59,445.54,378.04
1/2007,Tipo4,618.48,519.45,369.94,
1/2007,Tipo5,,664.76,474,399.16
1/2007,Tipo6,,565.33,437.04,380.33
1/2007,Tipo7,,495.38,385.87,332.66
2/2007,Tipo1,,548.46,391.77,326.51
2/2007,Tipo2,,617.31,440.25,367.67
2/2007,Tipo3,,612.52,446.56,379.41
2/2007,Tipo4,619.93,521.89,370.65,
2/2007,Tipo5,,667.87,475,400.54
2/2007,Tipo6,,567.87,438.18,381.82
2/2007,Tipo7,,497.69,386.88,334.01
3/2007,Tipo1,,551.9,389.83,325.06
3/2007,Tipo2,,621.09,438.02,366
3/2007,Tipo3,,615.84,444.54,377.87
3/2007,Tipo4,622.42,524.67,368.79,
3/2007,Tipo5,,672.43,472.73,398.83
3/2007,Tipo6,,569.62,436.24,380.44
3/2007,Tipo7,,499.38,385.23,332.76
4/2007,Tipo1,,551.85,389.95,325.46
4/2007,Tipo2,,621.13,438.16,366.41
4/2007,Tipo3,,616.07,444.97,378.54
4/2007,Tipo4,623.84,524.71,368.97,
4/2007,Tipo5,,672.56,472.91,399.27
4/2007,Tipo6,,569.63,436.12,380.54
4/2007,Tipo7,,499.34,385.08,332.86
5/2007,Tipo1,,553.29,391,326.89
5/2007,Tipo2,,622.78,439.48,368.13
5/2007,Tipo3,,617.55,446.39,380.36
5/2007,Tipo4,624.81,525.82,369.98,
5/2007,Tipo5,,674.32,474.25,401.07
5/2007,Tipo6,,571.05,437.8,382.57
5/2007,Tipo7,,500.32,386.32,334.5
6/2007,Tipo1,,562.72,398.63,333.86
6/2007,Tipo2,,633.52,448.21,376.11
6/2007,Tipo3,,628.33,455.26,388.5
6/2007,Tipo4,634.34,534.83,377.21,
6/2007,Tipo5,,685.69,483.63,409.63
6/2007,Tipo6,,581.63,446.9,391.07
6/2007,Tipo7,,509.38,394.18,341.81
7/2007,Tipo1,,564.5,399.27,334.35
7/2007,Tipo2,,635.55,448.94,376.71
7/2007,Tipo3,,630.31,456.03,389.14
7/2007,Tipo4,634.51,536.47,377.81,
7/2007,Tipo5,,687.82,484.33,410.22
7/2007,Tipo6,,583.09,447.64,391.74
7/2007,Tipo7,,510.95,394.89,342.38
8/2007,Tipo1,,565.45,399.51,334.73
8/2007,Tipo2,,636.65,449.18,377.11
8/2007,Tipo3,,631.31,456.3,389.57
8/2007,Tipo4,635.49,537.27,378.09,
8/2007,Tipo5,,689.31,484.74,410.79
8/2007,Tipo6,,583.53,447.5,391.84
8/2007,Tipo7,,511.69,394.91,342.54
9/2007,Tipo1,,568.8,403.04,337.28
9/2007,Tipo2,,640.06,452.86,379.84
9/2007,Tipo3,,634.98,460.16,392.56
9/2007,Tipo4,639.08,540.37,381.35,
9/2007,Tipo5,,693.01,488.75,413.86
9/2007,Tipo6,,586.56,450.77,394.26
9/2007,Tipo7,,514.25,397.74,344.52
10/2007,Tipo1,,572.71,406.12,340.16
10/2007,Tipo2,,644.22,456.06,382.95
10/2007,Tipo3,,639.64,463.86,396.11
10/2007,Tipo4,643.79,543.94,384.09,
10/2007,Tipo5,,697.41,492.1,417.18
10/2007,Tipo6,,590.61,453.84,397.33
10/2007,Tipo7,,517.65,400.38,346.96
11/2007,Tipo1,,577.15,409.64,344.63
11/2007,Tipo2,,649.3,460.03,387.86
11/2007,Tipo3,,644.98,468.12,401.28
11/2007,Tipo4,648.57,548.27,387.46,
11/2007,Tipo5,,702.82,496.38,422.44
11/2007,Tipo6,,595.97,457.9,402.21
11/2007,Tipo7,,522.13,403.96,351.43
12/2007,Tipo1,,580.53,411.1,347.07
12/2007,Tipo2,,653.09,461.69,390.48
12/2007,Tipo3,,648.71,469.73,403.82
12/2007,Tipo4,652.91,551.9,388.99,
12/2007,Tipo5,,706.67,498.23,425.28
12/2007,Tipo6,,600.04,460.72,405.85
12/2007,Tipo7,,525.9,406.45,354.81
1/2008,Tipo1,,582.81,412.25,348.2
1/2008,Tipo2,,655.58,462.97,391.75
1/2008,Tipo3,,651.28,471.17,405.23
1/2008,Tipo4,655.27,554.15,390.22,
1/2008,Tipo5,,709.43,499.66,426.68
1/2008,Tipo6,,601.77,461.67,406.77
1/2008,Tipo7,,527.41,407.39,355.72
2/2008,Tipo1,,583.45,412.48,348.39
2/2008,Tipo2,,656.33,463.26,391.99
2/2008,Tipo3,,651.99,471.44,405.45
2/2008,Tipo4,656.8,554.8,390.43,
2/2008,Tipo5,,710.17,499.96,426.93
2/2008,Tipo6,,602.43,462.12,407.18
2/2008,Tipo7,,528.1,407.82,356.12
3/2008,Tipo1,,588.13,417.04,352.45
3/2008,Tipo2,,661.48,468.36,396.52
3/2008,Tipo3,,657.05,476.46,409.93
3/2008,Tipo4,660.72,559.27,394.7,
3/2008,Tipo5,,715.46,505.31,431.7
3/2008,Tipo6,,607.6,467.3,411.79
3/2008,Tipo7,,531.85,411.76,359.61
4/2008,Tipo1,,590.96,419.47,354.31
4/2008,Tipo2,,664.74,471.12,398.57
4/2008,Tipo3,,660.2,479.21,412.11
4/2008,Tipo4,663.84,561.73,396.87,
4/2008,Tipo5,,719.04,508.3,433.93
4/2008,Tipo6,,610.92,469.75,413.37
4/2008,Tipo7,,534.06,413.52,360.88
5/2008,Tipo1,,606.64,431.32,365.43
5/2008,Tipo2,,682.53,484.68,411.25
5/2008,Tipo3,,677.92,493.01,425.11
5/2008,Tipo4,680.05,576.4,407.95,
5/2008,Tipo5,,737.88,522.75,447.59
5/2008,Tipo6,,628.2,483.64,426.51
5/2008,Tipo7,,547.91,425.13,372.02
6/2008,Tipo1,,614.28,436.42,369.57
6/2008,Tipo2,,691.24,490.6,416.09
6/2008,Tipo3,,686.5,498.99,430.12
6/2008,Tipo4,687.03,583.69,412.86,
6/2008,Tipo5,,747.25,529,452.72
6/2008,Tipo6,,636.34,489.67,431.3
6/2008,Tipo7,,554.81,430.46,376.5
7/2008,Tipo1,,619.46,439.89,372.69
7/2008,Tipo2,,697.07,494.51,419.61
7/2008,Tipo3,,692.73,503.3,434.09
7/2008,Tipo4,696.77,588.54,416,
7/2008,Tipo5,,753.38,533.18,456.52
7/2008,Tipo6,,642.06,493.54,434.72
7/2008,Tipo7,,559.23,433.63,379.38
8/2008,Tipo1,,629.82,447.35,381
8/2008,Tipo2,,708.48,502.78,428.82
8/2008,Tipo3,,704.39,512.04,443.69
8/2008,Tipo4,708.13,598.48,423.23,
8/2008,Tipo5,,765.55,542.12,466.42
8/2008,Tipo6,,652.24,502.1,444.34
8/2008,Tipo7,,569.03,441.96,388.5
9/2008,Tipo1,,635.07,451.77,384.14
9/2008,Tipo2,,714.22,507.66,432.44
9/2008,Tipo3,,710.8,517.41,447.84
9/2008,Tipo4,712.71,603.88,427.74,
9/2008,Tipo5,,771.37,547.12,470.19
9/2008,Tipo6,,659.5,508.29,449.41
9/2008,Tipo7,,575.81,448.22,393.61
10/2008,Tipo1,,638.52,454.83,386.5
10/2008,Tipo2,,717.92,510.96,435.07
10/2008,Tipo3,,714.84,520.88,450.68
10/2008,Tipo4,715.87,607.36,430.69,
10/2008,Tipo5,,775.18,550.61,473.03
10/2008,Tipo6,,663.64,511.79,452.33
10/2008,Tipo7,,579.35,451.48,396.24
11/2008,Tipo1,,645.92,461.4,389.62
11/2008,Tipo2,,725.56,517.89,438.41
11/2008,Tipo3,,722.2,527.49,453.98
11/2008,Tipo4,722.38,614.18,436.9,
11/2008,Tipo5,,783.35,557.79,476.64
11/2008,Tipo6,,669.28,517.23,455.36
11/2008,Tipo7,,584.53,456.74,398.87
12/2008,Tipo1,,646.16,464.83,390.98
12/2008,Tipo2,,725.8,521.62,439.84
12/2008,Tipo3,,722.45,530.91,455.31
12/2008,Tipo4,722.65,614.42,440.18,
12/2008,Tipo5,,783.62,561.53,478.18
12/2008,Tipo6,,669.51,519.26,456.4
12/2008,Tipo7,,584.78,458.83,399.68
1/2009,Tipo1,,647.37,466.04,390.98
1/2009,Tipo2,,727.11,522.97,439.98
1/2009,Tipo3,,723.91,532.26,455.43
1/2009,Tipo4,725.33,615.93,441.54,
1/2009,Tipo5,,784.98,562.89,478.26
1/2009,Tipo6,,671.01,520.89,456.99
1/2009,Tipo7,,586.81,460.86,400.56
2/2009,Tipo1,,647.25,466.81,390.26
2/2009,Tipo2,,727.14,523.98,439.25
2/2009,Tipo3,,723.92,533.06,454.65
2/2009,Tipo4,726.09,616.14,442.48,
2/2009,Tipo5,,784.92,563.78,477.46
2/2009,Tipo6,,671.79,522.13,457.51
2/2009,Tipo7,,588.02,462.58,401.39
3/2009,Tipo1,,648.76,468.09,389.78
3/2009,Tipo2,,728.79,525.35,438.69
3/2009,Tipo3,,725.29,534.25,453.91
3/2009,Tipo4,728.53,617.51,443.79,
3/2009,Tipo5,,787.27,565.49,477.01
3/2009,Tipo6,,672.09,522.53,456.4
3/2009,Tipo7,,588.84,463.16,400.37
4/2009,Tipo1,,647.99,468.27,389.17
4/2009,Tipo2,,727.92,525.59,438.14
4/2009,Tipo3,,724.16,534.44,453.24
4/2009,Tipo4,727.96,616.64,444.11,
4/2009,Tipo5,,786.87,565.64,476.35
4/2009,Tipo6,,670.62,522.15,455.49
4/2009,Tipo7,,588.08,463.39,399.84
5/2009,Tipo1,,663.02,476.59,397.44
5/2009,Tipo2,,744.62,534.84,447.23
5/2009,Tipo3,,740.61,543.83,462.52
5/2009,Tipo4,744.29,631.3,452,
5/2009,Tipo5,,804.4,575.75,486.29
5/2009,Tipo6,,686.26,533.17,466.53
5/2009,Tipo7,,600.57,471.68,408.17
6/2009,Tipo1,,663.47,476.64,397.67
6/2009,Tipo2,,745.26,534.99,447.44
6/2009,Tipo3,,741.46,544.18,462.91
6/2009,Tipo4,746.78,631.96,452.18,
6/2009,Tipo5,,805.29,576.05,486.55
6/2009,Tipo6,,687.16,533.5,466.86
6/2009,Tipo7,,601.43,472.06,408.65
7/2009,Tipo1,,663.68,477.57,398.18
7/2009,Tipo2,,745.47,535.96,447.97
7/2009,Tipo3,,741.25,544.7,463.1
7/2009,Tipo4,747.46,632,452.97,
7/2009,Tipo5,,805.45,577.03,487.15
7/2009,Tipo6,,687.48,534.32,467.52
7/2009,Tipo7,,601.89,472.87,409.29
8/2009,Tipo1,,666.7,479.41,399.65
8/2009,Tipo2,,748.55,537.87,449.67
8/2009,Tipo3,,744.99,547.18,465.29
8/2009,Tipo4,751.19,635.02,454.8,
8/2009,Tipo5,,808.52,578.94,488.84
8/2009,Tipo6,,690.55,536.92,469.38
8/2009,Tipo7,,604.83,475.17,410.87
9/2009,Tipo1,,668.31,479.31,399.45
9/2009,Tipo2,,750.16,537.76,449.44
9/2009,Tipo3,,746.74,547.13,465.06
9/2009,Tipo4,752.2,636.81,454.92,
9/2009,Tipo5,,810.13,578.8,488.5
9/2009,Tipo6,,692.1,537.09,469.51
9/2009,Tipo7,,606.57,475.51,411.03
10/2009,Tipo1,,670.39,480.29,400.91
10/2009,Tipo2,,752.57,538.95,451.13
10/2009,Tipo3,,749.22,548.35,466.58
10/2009,Tipo4,755.95,639.33,456.06,
10/2009,Tipo5,,813.2,580.41,490.44
10/2009,Tipo6,,693.5,538.09,470.89
10/2009,Tipo7,,608.69,476.74,412.33
11/2009,Tipo1,,671.54,481.99,402.11
11/2009,Tipo2,,753.86,540.84,452.47
11/2009,Tipo3,,750.83,550.4,468.13
11/2009,Tipo4,757.21,640.64,457.75,
11/2009,Tipo5,,814.5,582.4,491.87
11/2009,Tipo6,,695.1,539.69,472.24
11/2009,Tipo7,,610.07,478.36,413.62
12/2009,Tipo1,,676.35,485.04,404.57
12/2009,Tipo2,,759.32,544.15,455.16
12/2009,Tipo3,,756.06,553.59,470.78
12/2009,Tipo4,760.86,645.15,460.44,
12/2009,Tipo5,,820.53,586.21,495.02
12/2009,Tipo6,,699.66,542.73,474.72
12/2009,Tipo7,,614.29,481.05,415.82
1/2010,Tipo1,,682.68,488.78,409.44
1/2010,Tipo2,,766.23,548.22,460.48
1/2010,Tipo3,,763.08,557.9,476.19
1/2010,Tipo4,767.33,651.45,464.12,
1/2010,Tipo5,,827.59,590.66,500.66
1/2010,Tipo6,,706.49,548.01,480.54
1/2010,Tipo7,,619.68,484.91,420.33
2/2010,Tipo1,,684.91,490.32,410.2
2/2010,Tipo2,,768.75,549.98,461.36
2/2010,Tipo3,,765.78,559.98,477.49
2/2010,Tipo4,769.43,653.27,465.42,
2/2010,Tipo5,,830.3,592.44,501.52
2/2010,Tipo6,,709.17,549.74,481.21
2/2010,Tipo7,,621.17,485.98,420.71
3/2010,Tipo1,,692.46,494.37,413.94
3/2010,Tipo2,,777.37,554.43,465.41
3/2010,Tipo3,,774.89,564.76,481.79
3/2010,Tipo4,775.44,661.24,469.6,
3/2010,Tipo5,,839.78,597.34,505.86
3/2010,Tipo6,,716.74,553.78,485.05
3/2010,Tipo7,,628.76,489.86,424.16
4/2010,Tipo1,,698.77,499.62,418
4/2010,Tipo2,,784.84,560.34,469.93
4/2010,Tipo3,,783.44,571.64,487.17
4/2010,Tipo4,781.83,668.14,474.97,
4/2010,Tipo5,,848.26,603.69,510.56
4/2010,Tipo6,,722.54,558.21,488.84
4/2010,Tipo7,,634.28,493.85,427.06
5/2010,Tipo1,,730.08,523,439.79
5/2010,Tipo2,,820.24,586.87,494.52
5/2010,Tipo3,,818.96,598.78,512.53
5/2010,Tipo4,814.8,697.94,496.99,
5/2010,Tipo5,,885.69,632.23,537.29
5/2010,Tipo6,,757.6,586.43,515.37
5/2010,Tipo7,,662.62,517,449.14
6/2010,Tipo1,,734.88,521.28,440.7
6/2010,Tipo2,,825.73,585.08,495.49
6/2010,Tipo3,,824.45,597.66,513.96
6/2010,Tipo4,821.38,702.53,495.48,
6/2010,Tipo5,,891.69,630.62,538.36
6/2010,Tipo6,,762.09,586.41,516.98
6/2010,Tipo7,,666.51,516.68,450.72
7/2010,Tipo1,,737.94,522.98,442.57
7/2010,Tipo2,,829.14,586.93,497.5
7/2010,Tipo3,,828.05,599.68,516.05
7/2010,Tipo4,826.07,705.83,497.21,
7/2010,Tipo5,,895.42,632.78,540.59
7/2010,Tipo6,,765.08,588.46,519.26
7/2010,Tipo7,,669.58,518.61,452.73
8/2010,Tipo1,,742.11,528.73,449.33
8/2010,Tipo2,,834.2,593.73,505.17
8/2010,Tipo3,,833.94,607.48,524.63
8/2010,Tipo4,831.1,709.77,502.72,
8/2010,Tipo5,,901.17,640.05,548.66
8/2010,Tipo6,,769.29,594.06,525.78
8/2010,Tipo7,,672.57,522.77,457.78
9/2010,Tipo1,,744.61,529.79,448.81
9/2010,Tipo2,,836.91,594.76,504.45
9/2010,Tipo3,,836.02,608.08,523.7
9/2010,Tipo4,832.98,711.86,503.78,
9/2010,Tipo5,,904.29,640.91,547.92
9/2010,Tipo6,,770.61,594.41,525.29
9/2010,Tipo7,,674.44,523.4,457.44
10/2010,Tipo1,,748.87,532.74,450.74
10/2010,Tipo2,,841.66,598.03,506.56
10/2010,Tipo3,,840.97,611.37,525.96
10/2010,Tipo4,837.06,716.21,506.52,
10/2010,Tipo5,,909.29,644.46,550.22
10/2010,Tipo6,,774.91,597.52,527.49
10/2010,Tipo7,,677.79,525.64,458.89
11/2010,Tipo1,,753.33,535.25,451.52
11/2010,Tipo2,,846.57,600.75,507.34
11/2010,Tipo3,,845.84,614.1,526.7
11/2010,Tipo4,842.55,720.77,509.11,
11/2010,Tipo5,,915.08,647.37,550.99
11/2010,Tipo6,,777.26,598.34,527.11
11/2010,Tipo7,,680.07,526.41,458.08
12/2010,Tipo1,,754.98,536.32,453.12
12/2010,Tipo2,,848.63,602.12,509.06
12/2010,Tipo3,,847.65,615.43,528.39
12/2010,Tipo4,845.43,722.11,510.07,
12/2010,Tipo5,,917.35,648.83,552.84
12/2010,Tipo6,,778.36,598.72,528.26
12/2010,Tipo7,,680.41,526.42,458.85
1/2011,Tipo1,,760.68,537.79,453.58
1/2011,Tipo2,,855.17,603.7,509.51
1/2011,Tipo3,,853.88,616.91,528.82
1/2011,Tipo4,850.12,727.34,511.36,
1/2011,Tipo5,,924.4,650.42,553.29
1/2011,Tipo6,,783.06,598.94,527.84
1/2011,Tipo7,,683.67,526.01,457.71
2/2011,Tipo1,,762.68,538.38,454.17
2/2011,Tipo2,,857.65,604.48,510.23
2/2011,Tipo3,,856.63,618.21,530.06
2/2011,Tipo4,852.92,729.47,512.14,
2/2011,Tipo5,,927.12,651.27,554.07
2/2011,Tipo6,,785.54,599.95,528.79
2/2011,Tipo7,,685.99,527.1,458.77
3/2011,Tipo1,,764.61,538.3,455.58
3/2011,Tipo2,,859.76,604.39,511.79
3/2011,Tipo3,,858.72,618.31,531.65
3/2011,Tipo4,853.76,731.22,512,
3/2011,Tipo5,,929.45,651.39,555.8
3/2011,Tipo6,,787.23,600.75,530.33
3/2011,Tipo7,,687.67,527.66,460.25
4/2011,Tipo1,,766.98,537.62,455.31
4/2011,Tipo2,,862.61,603.72,511.54
4/2011,Tipo3,,861.33,617.6,531.31
4/2011,Tipo4,856.04,733.02,511.22,
4/2011,Tipo5,,932.62,650.67,555.48
4/2011,Tipo6,,788.6,598.96,529.03
4/2011,Tipo7,,688.08,525.99,458.94
5/2011,Tipo1,,805.29,565.93,480.44
5/2011,Tipo2,,905.83,635.8,539.93
5/2011,Tipo3,,904.54,650.15,560.54
5/2011,Tipo4,894.99,769.59,537.93,
5/2011,Tipo5,,978.16,685.04,586.24
5/2011,Tipo6,,831.1,632.97,560.04
5/2011,Tipo7,,722.6,554.12,484.79
6/2011,Tipo1,,805.96,566.7,481.44
6/2011,Tipo2,,906.89,636.88,541.24
6/2011,Tipo3,,906.2,651.22,561.82
6/2011,Tipo4,894.62,770.96,538.88,
6/2011,Tipo5,,978.2,685.75,587.23
6/2011,Tipo6,,833.3,634.41,561.63
6/2011,Tipo7,,724.52,555.83,486.68
7/2011,Tipo1,,809.27,567.4,481.71
7/2011,Tipo2,,910.28,637.56,541.45
7/2011,Tipo3,,909.35,651.98,562.14
7/2011,Tipo4,897.76,773.9,539.57,
7/2011,Tipo5,,982.07,686.62,587.65
7/2011,Tipo6,,834.71,634.62,561.53
7/2011,Tipo7,,725.57,555.97,486.53
8/2011,Tipo1,,811.12,568.88,482.54
8/2011,Tipo2,,912.25,639.16,542.38
8/2011,Tipo3,,910.78,653.29,562.87
8/2011,Tipo4,899.18,774.94,540.67,
8/2011,Tipo5,,984.67,688.61,588.86
8/2011,Tipo6,,835.41,635.69,562.07
8/2011,Tipo7,,726.59,556.97,486.97
9/2011,Tipo1,,813.05,569.76,484.74
9/2011,Tipo2,,914.47,640.04,544.71
9/2011,Tipo3,,912.77,654.18,564.99
9/2011,Tipo4,903.49,776.88,541.49,
9/2011,Tipo5,,987.97,690.06,591.51
9/2011,Tipo6,,836.39,635.79,562.64
9/2011,Tipo7,,728.19,556.92,487.52
10/2011,Tipo1,,814.84,573.62,488.13
10/2011,Tipo2,,916.46,644.29,548.39
10/2011,Tipo3,,914.53,658.27,568.87
10/2011,Tipo4,905.27,777.73,544.75,
10/2011,Tipo5,,989.84,694.27,595.52
10/2011,Tipo6,,839.11,639.42,566.25
10/2011,Tipo7,,729.64,559.82,490.71
11/2011,Tipo1,,815.75,576.51,490.17
11/2011,Tipo2,,917.32,647.5,550.62
11/2011,Tipo3,,915.41,661.12,570.84
11/2011,Tipo4,908.66,779.39,547.82,
11/2011,Tipo5,,990.24,697.52,597.74
11/2011,Tipo6,,840.39,642.27,568.41
11/2011,Tipo7,,731.22,562.62,492.88
12/2011,Tipo1,,815.48,575.41,488.89
12/2011,Tipo2,,917.26,646.35,549.26
12/2011,Tipo3,,914.36,659.36,568.85
12/2011,Tipo4,907.79,778.85,546.68,
12/2011,Tipo5,,990.3,696.3,596.27
12/2011,Tipo6,,839.5,640.91,566.87
12/2011,Tipo7,,730.85,561.4,491.47
1/2012,Tipo1,,815.26,576.17,490.28
1/2012,Tipo2,,917.1,647.13,550.75
1/2012,Tipo3,,914.64,660.35,570.54
1/2012,Tipo4,908.48,778.94,547.41,
1/2012,Tipo5,,990.16,697.33,597.98
1/2012,Tipo6,,841.02,642.75,568.98
1/2012,Tipo7,,732.55,563.07,493.53
2/2012,Tipo1,,824.99,585.38,500.11
2/2012,Tipo2,,927.64,657.16,561.49
2/2012,Tipo3,,925.32,670.28,581.23
2/2012,Tipo4,917.29,788.37,555.97,
2/2012,Tipo5,,1000.31,707.72,609.14
2/2012,Tipo6,,850.87,651.62,578.14
2/2012,Tipo7,,738.35,568.86,499.86
3/2012,Tipo1,,824.58,580.45,495.51
3/2012,Tipo2,,927.32,651.9,556.57
3/2012,Tipo3,,924.18,665.09,576.26
3/2012,Tipo4,916.85,787.64,551.7,
3/2012,Tipo5,,1000.72,702.36,604.19
3/2012,Tipo6,,850.26,648.76,575.38
3/2012,Tipo7,,739.28,567.54,498.7
4/2012,Tipo1,,825.36,579.87,495.82
4/2012,Tipo2,,928.25,651.22,556.93
4/2012,Tipo3,,925.12,664.66,576.7
4/2012,Tipo4,917.9,788.05,550.94,
4/2012,Tipo5,,1002.13,701.91,604.69
4/2012,Tipo6,,850.58,647.81,574.83
4/2012,Tipo7,,739.45,566.58,498.16
5/2012,Tipo1,,827.1,580.63,496.64
5/2012,Tipo2,,930.24,652.11,557.9
5/2012,Tipo3,,927.13,665.77,577.84
5/2012,Tipo4,921.8,789.74,551.76,
5/2012,Tipo5,,1004.4,702.96,605.86
5/2012,Tipo6,,852.58,649.08,576.12
5/2012,Tipo7,,741.13,567.65,499.29
6/2012,Tipo1,,830.84,582.65,499.79
6/2012,Tipo2,,934.41,654.39,561.42
6/2012,Tipo3,,931.46,668.18,581.47
6/2012,Tipo4,926.2,793.33,553.4,
6/2012,Tipo5,,1008.93,705.68,609.76
6/2012,Tipo6,,856.25,651.9,579.38
6/2012,Tipo7,,744.58,569.9,502.19
7/2012,Tipo1,,829.72,581.09,498.62
7/2012,Tipo2,,933.25,652.73,560.26
7/2012,Tipo3,,929.88,666.22,580.1
7/2012,Tipo4,921.56,791.79,551.85,
7/2012,Tipo5,,1007.13,703.71,608.46
7/2012,Tipo6,,855.75,651.14,578.89
7/2012,Tipo7,,744,569.55,502.35
8/2012,Tipo1,,868.91,609.39,523.31
8/2012,Tipo2,,977.14,684.53,588.08
8/2012,Tipo3,,973.67,698.7,608.94
8/2012,Tipo4,961.53,828.37,578.26,
8/2012,Tipo5,,1053.71,738.02,638.95
8/2012,Tipo6,,898.11,683.89,608.14
8/2012,Tipo7,,777.34,596.54,526.56
9/2012,Tipo1,,868.32,608.98,522.82
9/2012,Tipo2,,976.53,684.16,587.53
9/2012,Tipo3,,971.65,696.98,607.15
9/2012,Tipo4,967.99,827.53,577.48,
9/2012,Tipo5,,1053.39,737.63,638.42
9/2012,Tipo6,,897.15,683.23,607.32
9/2012,Tipo7,,777.39,595.72,525.71
10/2012,Tipo1,,869.84,607.03,519.88
10/2012,Tipo2,,978.23,682.05,584.21
10/2012,Tipo3,,973.64,695.47,604.37
10/2012,Tipo4,961.47,829.14,575.91,
10/2012,Tipo5,,1055.9,735.92,635.08
10/2012,Tipo6,,897.05,680.87,604.07
10/2012,Tipo7,,776.44,593.59,522.47
11/2012,Tipo1,,870.15,602.11,520.21
11/2012,Tipo2,,978.44,676.37,584.42
11/2012,Tipo3,,973.51,690.1,604.33
11/2012,Tipo4,968.82,829.59,571.1,
11/2012,Tipo5,,1056.77,730.77,635.65
11/2012,Tipo6,,896.98,677.76,603.74
11/2012,Tipo7,,777.33,590.04,522.19
12/2012,Tipo1,,870.62,601.18,519.79
12/2012,Tipo2,,978.86,675.25,583.91
12/2012,Tipo3,,973.42,688.61,603.5
12/2012,Tipo4,969.47,829.74,569.85,
12/2012,Tipo5,,1057.3,729.83,635.22
12/2012,Tipo6,,896.59,676.67,602.67
12/2012,Tipo7,,777.07,589.04,521.42
1/2013,Tipo1,,870.37,602.98,521.04
1/2013,Tipo2,,978.8,677.45,585.42
1/2013,Tipo3,,974.2,691.48,606.03
1/2013,Tipo4,965.66,829.03,571.12,
1/2013,Tipo5,,1057.24,732.23,637
1/2013,Tipo6,,898.1,679.06,604.82
1/2013,Tipo7,,777.92,591.22,523.65
2/2013,Tipo1,,870.62,604.88,522.83
2/2013,Tipo2,,979.16,679.57,587.4
2/2013,Tipo3,,974.54,693.58,607.96
2/2013,Tipo4,966.19,829.04,572.85,
2/2013,Tipo5,,1057.7,734.44,639.12
2/2013,Tipo6,,898.29,680.33,605.94
2/2013,Tipo7,,778.22,592.35,524.66
3/2013,Tipo1,,870.31,607.91,525.92
3/2013,Tipo2,,978.74,682.83,590.76
3/2013,Tipo3,,973.66,696.25,610.94
3/2013,Tipo4,970.03,828.13,575.29,
3/2013,Tipo5,,1056.91,737.74,642.73
3/2013,Tipo6,,898.31,682.23,607.91
3/2013,Tipo7,,777.37,593.68,526.26
4/2013,Tipo1,,874.64,610.41,532.68
4/2013,Tipo2,,983.89,686.07,598.62
4/2013,Tipo3,,978.81,700.02,619.04
4/2013,Tipo4,976.14,832.38,577.69,
4/2013,Tipo5,,1062.74,741.86,651.17
4/2013,Tipo6,,903.33,687.61,615.31
4/2013,Tipo7,,782.43,598.32,533.55
5/2013,Tipo1,,824.72,575.44,499.21
5/2013,Tipo2,,928.02,646.83,561.19
5/2013,Tipo3,,922.75,659.55,580.28
5/2013,Tipo4,925.62,785.26,544.56,
5/2013,Tipo5,,1002.98,699.59,610.51
5/2013,Tipo6,,849.22,646.01,575.18
5/2013,Tipo7,,739.02,564.45,500.71
6/2013,Tipo1,,886.91,619.69,541.45
6/2013,Tipo2,,997.69,696.52,608.5
6/2013,Tipo3,,993.11,711.03,629.57
6/2013,Tipo4,987.63,844.6,586.56,
6/2013,Tipo5,,1077.04,753.15,661.66
6/2013,Tipo6,,917.38,698.84,625.03
6/2013,Tipo7,,793.27,607.09,541.57
7/2013,Tipo1,,874.03,610.14,532
7/2013,Tipo2,,983.79,686.14,598.3
7/2013,Tipo3,,979.2,700.48,619.11
7/2013,Tipo4,974.69,832,577.46,
7/2013,Tipo5,,1062.21,741.69,650.43
7/2013,Tipo6,,905.11,688.12,614.2
7/2013,Tipo7,,783.71,599,533.47
8/2013,Tipo1,,874.77,609.4,531.26
8/2013,Tipo2,,984.43,685.16,597.37
8/2013,Tipo3,,979.9,699.86,618.52
8/2013,Tipo4,976.69,832.25,576.43,
8/2013,Tipo5,,1063.39,740.99,649.78
8/2013,Tipo6,,903.95,685.66,611.76
8/2013,Tipo7,,781.72,596.14,530.61
9/2013,Tipo1,,875.75,609.28,530.63
9/2013,Tipo2,,985.44,685.14,596.8
9/2013,Tipo3,,980.44,699.4,617.61
9/2013,Tipo4,979.33,833.37,576.42,
9/2013,Tipo5,,1064.25,740.91,649.15
9/2013,Tipo6,,905.29,687,612.78
9/2013,Tipo7,,783.21,597.63,531.73
10/2013,Tipo1,,879.55,612.88,534.66
10/2013,Tipo2,,989.83,689.19,601.37
10/2013,Tipo3,,984.37,703.2,621.87
10/2013,Tipo4,983.24,836.68,579.63,
10/2013,Tipo5,,1069.37,745.52,654.28
10/2013,Tipo6,,909.06,690.94,617.08
10/2013,Tipo7,,787.52,601.51,535.97
11/2013,Tipo1,,879.95,612.4,533.39
11/2013,Tipo2,,990.29,688.83,600.09
11/2013,Tipo3,,984.89,703.2,621.08
11/2013,Tipo4,982.16,836.63,578.98,
11/2013,Tipo5,,1070.2,745.24,653.17
11/2013,Tipo6,,908.96,691.49,616.73
11/2013,Tipo7,,787.45,601.71,535.69
12/2013,Tipo1,,876.4,610.28,530.66
12/2013,Tipo2,,986.46,686.45,597.03
12/2013,Tipo3,,981.72,701.95,618.97
12/2013,Tipo4,978.87,832.82,577.38,
12/2013,Tipo5,,1066.85,742.75,650.14
12/2013,Tipo6,,906.66,690.02,614.09
12/2013,Tipo7,,784.29,599.47,532.82
1/2014,Tipo1,,886.84,618.13,538.66
1/2014,Tipo2,,997.94,695.18,605.81
1/2014,Tipo3,,992.82,710.55,627.57
1/2014,Tipo4,990.14,842.87,584.86,
1/2014,Tipo5,,1079.13,752.12,659.57
1/2014,Tipo6,,916.63,697.79,621.79
1/2014,Tipo7,,791.63,605.6,539.1
2/2014,Tipo1,,891.16,622.95,542.02
2/2014,Tipo2,,1002.53,700.4,609.43
2/2014,Tipo3,,997.55,716.16,631.51
2/2014,Tipo4,996.77,847.04,589.75,
2/2014,Tipo5,,1085.7,758.57,663.94
2/2014,Tipo6,,919.16,701.49,624.1
2/2014,Tipo7,,794.9,609.36,541.14
3/2014,Tipo1,,895.02,627.48,547.03
3/2014,Tipo2,,1007.27,705.4,615
3/2014,Tipo3,,1001.67,721.19,637.07
3/2014,Tipo4,1000.8,850.45,593.99,
3/2014,Tipo5,,1090.67,763.72,669.77
3/2014,Tipo6,,922.58,704.94,628.43
3/2014,Tipo7,,798.64,612.54,544.85
4/2014,Tipo1,,899.96,628.27,549.38
4/2014,Tipo2,,1012.34,705.97,617.26
4/2014,Tipo3,,1006.27,722.34,639.69
4/2014,Tipo4,1006.79,854.53,594.81,
4/2014,Tipo5,,1096.3,764.3,672.41
4/2014,Tipo6,,925.76,706.43,630.86
4/2014,Tipo7,,801.4,613.5,547.05
5/2014,Tipo1,,899.29,630.95,549.82
5/2014,Tipo2,,1011.96,709.06,617.78
5/2014,Tipo3,,1007.31,725.72,640.22
5/2014,Tipo4,1008.53,855.93,598.21,
5/2014,Tipo5,,1096.48,767.97,672.97
5/2014,Tipo6,,925.87,707.29,630.24
5/2014,Tipo7,,802.82,615.38,546.61
6/2014,Tipo1,,899.53,628.42,548.76
6/2014,Tipo2,,1012.91,706.63,616.96
6/2014,Tipo3,,1007.91,723.95,640.22
6/2014,Tipo4,1007.93,855.33,595.49,
6/2014,Tipo5,,1097.57,765.39,672.24
6/2014,Tipo6,,928.88,707.76,631.9
6/2014,Tipo7,,804.23,614.75,547.62
7/2014,Tipo1,,901.99,632.65,553.57
7/2014,Tipo2,,1015.62,711.24,622.3
7/2014,Tipo3,,1010.4,728.5,645.5
7/2014,Tipo4,1010.09,856.78,599.4,
7/2014,Tipo5,,1101.12,770.33,677.94
7/2014,Tipo6,,931.53,712.56,637.84
7/2014,Tipo7,,807.97,619.61,553.04
8/2014,Tipo1,,936.64,648.66,567.76
8/2014,Tipo2,,1054.19,729.23,638.22
8/2014,Tipo3,,1048.34,747.14,662.29
8/2014,Tipo4,1032.38,889.03,614.45,
8/2014,Tipo5,,1140.82,789.58,695.3
8/2014,Tipo6,,965.42,732.51,655.16
8/2014,Tipo7,,832.87,635.43,567.41
9/2014,Tipo1,,939.32,650.09,567.38
9/2014,Tipo2,,1056.89,730.81,637.85
9/2014,Tipo3,,1052.38,748.88,662.16
9/2014,Tipo4,1034.4,893.43,616.2,
9/2014,Tipo5,,1142.14,790.73,694.38
9/2014,Tipo6,,968.81,734.52,655
9/2014,Tipo7,,835.06,636.84,567.06
10/2014,Tipo1,,934.73,648.21,562.81
10/2014,Tipo2,,1051.22,728.48,633.03
10/2014,Tipo3,,1046.63,745.61,656.39
10/2014,Tipo4,1027.37,889.93,614.7,
10/2014,Tipo5,,1134.2,787.19,688.52
10/2014,Tipo6,,965.59,734.6,652.99
10/2014,Tipo7,,833.87,638,565.73
11/2014,Tipo1,,934.97,650.9,563.78
11/2014,Tipo2,,1052,731.57,634.12
11/2014,Tipo3,,1048.64,749.07,657.61
11/2014,Tipo4,1028.54,891.82,617.96,
11/2014,Tipo5,,1135.96,790.93,689.74
11/2014,Tipo6,,966.91,736.22,652.92
11/2014,Tipo7,,836.04,639.7,565.48
12/2014,Tipo1,,950.1,660.42,566.79
12/2014,Tipo2,,1068.44,742.11,637.97
12/2014,Tipo3,,1063.67,758.15,660.4
12/2014,Tipo4,1044.86,906.68,627.09,
12/2014,Tipo5,,1153.52,801.66,693.39
12/2014,Tipo6,,978.79,745.8,657.72
12/2014,Tipo7,,849.1,650,570.22
1/2015,Tipo1,,949.57,660.58,566.68
1/2015,Tipo2,,1068.06,742.4,637.91
1/2015,Tipo3,,1063.03,758.03,660.05
1/2015,Tipo4,1043.36,906.17,627.16,
1/2015,Tipo5,,1153.08,801.89,693.26
1/2015,Tipo6,,979.3,746.37,657.99
1/2015,Tipo7,,849.57,650.55,570.56
2/2015,Tipo1,,962.32,672.27,577.88
2/2015,Tipo2,,1081.59,755.26,650.25
2/2015,Tipo3,,1074.91,770.04,671.58
2/2015,Tipo4,1054.14,917,637.82,
2/2015,Tipo5,,1168.32,815.92,706.77
2/2015,Tipo6,,985.92,754.92,666.1
2/2015,Tipo7,,855.21,657.82,577.49
3/2015,Tipo1,,961.76,669.61,578.87
3/2015,Tipo2,,1081.82,752.8,651.31
3/2015,Tipo3,,1075.38,768.42,673.27
3/2015,Tipo4,1057.19,916.23,635.32,
3/2015,Tipo5,,1169.05,813.49,707.89
3/2015,Tipo6,,985.81,752.71,666.67
3/2015,Tipo7,,855.04,655.32,578.05
4/2015,Tipo1,,961.73,669.19,578.92
4/2015,Tipo2,,1081.67,752.32,651.35
4/2015,Tipo3,,1075.22,767.66,672.92
4/2015,Tipo4,1057.35,916.84,635.07,
4/2015,Tipo5,,1168.37,812.88,707.81
4/2015,Tipo6,,985.87,752.57,667.03
4/2015,Tipo7,,855.09,655.33,578.44
5/2015,Tipo1,,969.24,671.71,581.65
5/2015,Tipo2,,1089.2,754.74,654.04
5/2015,Tipo3,,1081.42,769.31,675.05
5/2015,Tipo4,1062.05,922.93,636.82,
5/2015,Tipo5,,1175.9,815.34,710.64
5/2015,Tipo6,,988.7,752.64,667.32
5/2015,Tipo7,,855.68,654.56,578.04
6/2015,Tipo1,,972.92,666.67,575.29
6/2015,Tipo2,,1092.96,748.52,646.52
6/2015,Tipo3,,1085.2,763.7,668.36
6/2015,Tipo4,1064.42,925.39,631.54,
6/2015,Tipo5,,1180.16,808.76,702.82
6/2015,Tipo6,,992.53,748.25,660.91
6/2015,Tipo7,,857.98,650.1,572.4
7/2015,Tipo1,,980.02,667.56,574.4
7/2015,Tipo2,,1101.36,749.75,645.86
7/2015,Tipo3,,1092.75,765.06,667.92
7/2015,Tipo4,1072.93,931.57,632.19,
7/2015,Tipo5,,1189.37,810.1,702.11
7/2015,Tipo6,,999.65,750.32,660.85
7/2015,Tipo7,,864.16,651.84,572.53
8/2015,Tipo1,,1015.42,690.2,595.55
8/2015,Tipo2,,1141.29,775.18,669.48
8/2015,Tipo3,,1132.72,790.89,692.49
8/2015,Tipo4,1108.47,964.49,652.64,
8/2015,Tipo5,,1230.55,837.5,728.17
8/2015,Tipo6,,1041.31,778.87,687.35
8/2015,Tipo7,,895.88,674.14,594.19
9/2015,Tipo1,,1012.12,689.05,593.71
9/2015,Tipo2,,1137.25,773.67,667.3
9/2015,Tipo3,,1127.62,787.91,688.9
9/2015,Tipo4,1098.55,961.03,651.44,
9/2015,Tipo5,,1226.4,836.03,726.09
9/2015,Tipo6,,1038.23,777.1,685.05
9/2015,Tipo7,,892.91,672.83,592.28
10/2015,Tipo1,,1013.99,690.04,594.16
10/2015,Tipo2,,1139.51,774.86,667.88
10/2015,Tipo3,,1130.06,789.17,689.38
10/2015,Tipo4,1099.34,963.76,652.9,
10/2015,Tipo5,,1229.26,837.35,726.55
10/2015,Tipo6,,1040.06,778.36,685.99
10/2015,Tipo7,,895.71,674.58,593.34
11/2015,Tipo1,,1017.44,693.48,597.65
11/2015,Tipo2,,1143.11,778.62,671.66
11/2015,Tipo3,,1133.72,792.36,692.65
11/2015,Tipo4,1103.06,967.5,655.75,
11/2015,Tipo5,,1232.94,841.86,731.2
11/2015,Tipo6,,1042.77,781.41,689.03
11/2015,Tipo7,,898.1,677.23,595.97
12/2015,Tipo1,,1013.89,691.11,598.99
12/2015,Tipo2,,1139.04,775.98,673.25
12/2015,Tipo3,,1128.68,789.56,694.39
12/2015,Tipo4,1103.08,961.78,652.59,
12/2015,Tipo5,,1227.32,838.5,732.82
12/2015,Tipo6,,1040.08,779.97,690.59
12/2015,Tipo7,,893.87,675.14,597.69
1/2016,Tipo1,,1022.73,696.16,604.99
1/2016,Tipo2,,1149.04,781.75,679.85
1/2016,Tipo3,,1138.75,795.58,701.18
1/2016,Tipo4,1112.19,970.73,657.67,
1/2016,Tipo5,,1237.53,844.65,739.65
1/2016,Tipo6,,1049.87,786.7,697.89
1/2016,Tipo7,,900.62,679.4,602.76
2/2016,Tipo1,,1028.65,698.39,606
2/2016,Tipo2,,1155.82,784.01,680.79
2/2016,Tipo3,,1144.48,797.79,702.22
2/2016,Tipo4,1117.04,975.85,659.8,
2/2016,Tipo5,,1245.15,847.25,740.86
2/2016,Tipo6,,1056.23,788.63,698.32
2/2016,Tipo7,,905.79,681.32,603.6
3/2016,Tipo1,,1027.84,698.29,605.99
3/2016,Tipo2,,1155.46,784.2,681.09
3/2016,Tipo3,,1144.82,798.2,702.34
3/2016,Tipo4,1116.73,976.14,659.98,
3/2016,Tipo5,,1245.2,847.74,741.25
3/2016,Tipo6,,1055.66,788.65,698.98
3/2016,Tipo7,,906.72,681.67,603.66
4/2016,Tipo1,,1032.61,700.7,608.14
4/2016,Tipo2,,1160.83,786.84,683.56
4/2016,Tipo3,,1149.51,800.78,704.84
4/2016,Tipo4,1122.24,979.52,661.77,
4/2016,Tipo5,,1251.77,850.7,744.08
4/2016,Tipo6,,1059.81,791.35,701.33
4/2016,Tipo7,,910.72,684.08,605.86
5/2016,Tipo1,,1040.14,704.01,608.95
5/2016,Tipo2,,1168.81,790.17,684.03
5/2016,Tipo3,,1157.4,804.51,705.6
5/2016,Tipo4,1132.47,986.84,665.22,
5/2016,Tipo5,,1262,855.09,745.16
5/2016,Tipo6,,1064.6,793.05,700.74
5/2016,Tipo7,,914.24,684.89,604.12
6/2016,Tipo1,,1042.62,705.19,609.91
6/2016,Tipo2,,1171.58,791.47,685.05
6/2016,Tipo3,,1159.62,805.12,706.3
6/2016,Tipo4,1138.49,988.95,665.89,
6/2016,Tipo5,,1265.09,856.7,746.49
6/2016,Tipo6,,1067.61,793.79,701.52
6/2016,Tipo7,,916.48,685.9,605.07
7/2016,Tipo1,,1040.89,706.15,612.19
7/2016,Tipo2,,1170.27,792.98,688.04
7/2016,Tipo3,,1159.31,807.2,709.62
7/2016,Tipo4,1138.54,988.05,666.99,
7/2016,Tipo5,,1263.47,858.3,749.66
7/2016,Tipo6,,1067.31,795.58,704.88
7/2016,Tipo7,,917.84,688.34,608.68
8/2016,Tipo1,,1070.78,730.84,632.94
8/2016,Tipo2,,1203.34,820.6,711.23
8/2016,Tipo3,,1192.59,835.55,733.79
8/2016,Tipo4,1168.79,1016.29,690.73,
8/2016,Tipo5,,1298.14,887.72,774.65
8/2016,Tipo6,,1100.39,824.6,729.97
8/2016,Tipo7,,943.79,712.18,629.51
9/2016,Tipo1,,1071.13,730.19,632.06
9/2016,Tipo2,,1203.78,820.01,710.34
9/2016,Tipo3,,1192.52,834.56,732.63
9/2016,Tipo4,1167.9,1016.69,689.87,
9/2016,Tipo5,,1298.84,887.47,774.05
9/2016,Tipo6,,1101.45,825.37,730.37
9/2016,Tipo7,,945.7,713.62,630.81
10/2016,Tipo1,,1073.85,733.18,635.26
10/2016,Tipo2,,1206.77,823.26,713.8
10/2016,Tipo3,,1195.74,837.82,736.25
10/2016,Tipo4,1172.28,1019.21,692.66,
10/2016,Tipo5,,1302.05,890.99,777.77
10/2016,Tipo6,,1104.49,827.25,732.55
10/2016,Tipo7,,947.03,714.99,632.49
11/2016,Tipo1,,1074.12,735.14,636.38
11/2016,Tipo2,,1207.07,825.43,715.06
11/2016,Tipo3,,1196.56,839.97,737.5
11/2016,Tipo4,1177.93,1019.45,693.97,
11/2016,Tipo5,,1302.16,893.53,779.29
11/2016,Tipo6,,1105.1,828.79,733.1
11/2016,Tipo7,,947.32,716.04,632.74
12/2016,Tipo1,,1074.06,735.53,636.43
12/2016,Tipo2,,1207.15,825.93,715.26
12/2016,Tipo3,,1196.43,840.22,737.49
12/2016,Tipo4,1177.14,1019.28,694.34,
12/2016,Tipo5,,1302.32,894.01,779.48
12/2016,Tipo6,,1105.44,829.15,733.3
12/2016,Tipo7,,948.06,716.84,633.27
1/2017,Tipo1,,1079.45,740.1,641.45
1/2017,Tipo2,,1213.08,830.95,720.65
1/2017,Tipo3,,1202.94,846.1,743.8
1/2017,Tipo4,1177.85,1024.11,698.66,
1/2017,Tipo5,,1308.92,899.54,785.4
1/2017,Tipo6,,1111.02,834.05,738.56
1/2017,Tipo7,,952.1,720.52,637.39
2/2017,Tipo1,,1082.64,737.75,639.62
2/2017,Tipo2,,1216.74,828.42,718.75
2/2017,Tipo3,,1205.55,843.43,741.71
2/2017,Tipo4,1181.15,1026.33,696.34,
2/2017,Tipo5,,1313.42,896.79,783.28
2/2017,Tipo6,,1113.18,833.24,738.59
2/2017,Tipo7,,954.48,719.55,636.86
3/2017,Tipo1,,1082.17,739.51,640.6
3/2017,Tipo2,,1216.36,830.41,719.87
3/2017,Tipo3,,1204.85,844.7,742.37
3/2017,Tipo4,1179.91,1025.29,697.11,
3/2017,Tipo5,,1313.2,899.25,784.73
3/2017,Tipo6,,1112.41,833.45,738.07
3/2017,Tipo7,,953.29,719.29,636.02
4/2017,Tipo1,,1079.27,739.48,641.35
4/2017,Tipo2,,1213.24,830.51,720.83
4/2017,Tipo3,,1202.52,845.1,743.53
4/2017,Tipo4,1181.57,1023.27,697.38,
4/2017,Tipo5,,1309.59,899.33,785.8
4/2017,Tipo6,,1111.73,834.3,739.66
4/2017,Tipo7,,953.35,721.07,638.46
5/2017,Tipo1,,1074.28,738.49,640
5/2017,Tipo2,,1208.33,829.74,719.56
5/2017,Tipo3,,1199.57,846.01,744.22
5/2017,Tipo4,1177.13,1018.29,696.23,
5/2017,Tipo5,,1304.91,898.86,784.65
5/2017,Tipo6,,1111.03,835.43,740.71
5/2017,Tipo7,,952.84,722.08,639.3
6/2017,Tipo1,,1096.49,745.17,647.88
6/2017,Tipo2,,1232.29,837.25,728.11
6/2017,Tipo3,,1221.17,852.77,751.7
6/2017,Tipo4,1198.82,1038.98,702.72,
6/2017,Tipo5,,1331.3,906.95,793.58
6/2017,Tipo6,,1122.48,839.62,745.67
6/2017,Tipo7,,963.35,725.56,643.64
7/2017,Tipo1,,1092.99,743.72,647
7/2017,Tipo2,,1228.46,835.63,727.02
7/2017,Tipo3,,1217.51,851.11,750.51
7/2017,Tipo4,1196.17,1035.51,700.92,
7/2017,Tipo5,,1326.91,905.03,792.27
7/2017,Tipo6,,1118.2,836.44,742.86
7/2017,Tipo7,,958.38,721.63,640.21
8/2017,Tipo1,,1097.09,745.71,648.53
8/2017,Tipo2,,1233.59,837.99,729.03
8/2017,Tipo3,,1222.16,853.74,752.99
8/2017,Tipo4,1199.43,1039.7,702.98,
8/2017,Tipo5,,1331.59,907.26,794.44
8/2017,Tipo6,,1123.53,839.94,745.83
8/2017,Tipo7,,964.27,725.44,643.83
9/2017,Tipo1,,1104.26,752.4,653.77
9/2017,Tipo2,,1241.33,845.29,734.75
9/2017,Tipo3,,1229.99,860.93,758.9
9/2017,Tipo4,1207.23,1046.53,709.25,
9/2017,Tipo5,,1339.53,914.92,800.44
9/2017,Tipo6,,1130.19,846.02,750.45
9/2017,Tipo7,,969.41,730.39,647.57
10/2017,Tipo1,,1128.14,770.74,669.54
10/2017,Tipo2,,1268.14,865.99,752.5
10/2017,Tipo3,,1257.16,882.02,777.29
10/2017,Tipo4,1233.08,1069.5,726.64,
10/2017,Tipo5,,1367.57,937.18,819.67
10/2017,Tipo6,,1156.4,867.28,769.21
10/2017,Tipo7,,990.3,747.95,663.02
11/2017,Tipo1,,1130.62,770.51,669.48
11/2017,Tipo2,,1271.16,865.91,752.67
11/2017,Tipo3,,1260.28,882.61,777.94
11/2017,Tipo4,1237.8,1072.01,727.05,
11/2017,Tipo5,,1371.08,936.75,819.58
11/2017,Tipo6,,1160.18,868.77,770.88
11/2017,Tipo7,,994.17,749.97,665.08
12/2017,Tipo1,,1130.19,770.93,669.35
12/2017,Tipo2,,1270.85,866.45,752.64
12/2017,Tipo3,,1260.23,883.19,777.94
12/2017,Tipo4,1238.34,1072.12,727.7,
12/2017,Tipo5,,1371.05,937.64,819.61
12/2017,Tipo6,,1160.78,869.67,771.44
12/2017,Tipo7,,995.56,751.48,666.06
1/2018,Tipo1,,1129.68,772.77,670.32
1/2018,Tipo2,,1270.43,868.6,753.87
1/2018,Tipo3,,1260.39,885.63,779.44
1/2018,Tipo4,1238.29,1072.04,729.76,
1/2018,Tipo5,,1370.37,939.63,820.72
1/2018,Tipo6,,1160.28,870.75,772.08
1/2018,Tipo7,,995.69,752.89,666.94
2/2018,Tipo1,,1136.33,778.54,676.82
2/2018,Tipo2,,1277.94,875.13,761.06
2/2018,Tipo3,,1267.47,892.16,786.73
2/2018,Tipo4,1243.66,1077.3,734.58,
2/2018,Tipo5,,1378.37,946.8,828.74
2/2018,Tipo6,,1166.64,875.75,777.45
2/2018,Tipo7,,999.63,756.64,671.59
3/2018,Tipo1,,1133.39,775.22,672.21
3/2018,Tipo2,,1274.67,871.53,756
3/2018,Tipo3,,1264.22,888.65,781.99
3/2018,Tipo4,1239.68,1074.67,731.86,
3/2018,Tipo5,,1374.3,942.46,822.88
3/2018,Tipo6,,1165.02,874.38,774.77
3/2018,Tipo7,,998.36,755.81,669.72
4/2018,Tipo1,,1141.02,784.37,679.34
4/2018,Tipo2,,1283.02,881.51,763.72
4/2018,Tipo3,,1273.66,898.78,790.14
4/2018,Tipo4,1248.36,1082.59,740.36,
4/2018,Tipo5,,1382.82,953.25,831.28
4/2018,Tipo6,,1174.79,883.62,781.75
4/2018,Tipo7,,1005.78,763.48,675.61
5/2018,Tipo1,,1138.14,779.86,675.05
5/2018,Tipo2,,1280.11,876.79,759.31
5/2018,Tipo3,,1270.57,893.72,785.22
5/2018,Tipo4,1244.82,1080.65,735.97,
5/2018,Tipo5,,1379.55,948.2,826.47
5/2018,Tipo6,,1171.87,880.04,778.34
5/2018,Tipo7,,1004.4,760.87,672.94
6/2018,Tipo1,,1132.28,781.16,675.05
6/2018,Tipo2,,1273.96,878.19,759.33
6/2018,Tipo3,,1265.4,895.22,785.55
6/2018,Tipo4,1238.5,1075.51,737.35,
6/2018,Tipo5,,1372.86,949.75,826.65
6/2018,Tipo6,,1171.46,883.3,780.69
6/2018,Tipo7,,1003.97,763.45,674.58
7/2018,Tipo1,,1133.75,781.31,675.74
7/2018,Tipo2,,1275.55,878.31,760.14
7/2018,Tipo3,,1267.2,896.27,786.92
7/2018,Tipo4,1240.43,1076.55,738.03,
7/2018,Tipo5,,1374.76,949.42,827.31
7/2018,Tipo6,,1172.63,883.9,781.96
7/2018,Tipo7,,1005.53,764.55,675.99
8/2018,Tipo1,,1132.73,800.81,691.58
8/2018,Tipo2,,1274.58,900.52,778.46
8/2018,Tipo3,,1266.67,917.85,804.82
8/2018,Tipo4,1242.86,1075.59,756.42,
8/2018,Tipo5,,1373.76,972.74,846.94
8/2018,Tipo6,,1174.12,901.72,797.78
8/2018,Tipo7,,1007.21,780.88,689.8
9/2018,Tipo1,,1131.66,804.05,695.53
9/2018,Tipo2,,1273.49,903.92,782.76
9/2018,Tipo3,,1264.3,920.73,808.96
9/2018,Tipo4,1241.25,1072.9,758.69,
9/2018,Tipo5,,1372.05,976.21,851.79
9/2018,Tipo6,,1174.1,904.01,800.43
9/2018,Tipo7,,1005.29,781.91,691.98
10/2018,Tipo1,,1129.7,806,695.36
10/2018,Tipo2,,1271.12,905.96,782.64
10/2018,Tipo3,,1263.38,923.67,809.85
10/2018,Tipo4,1243.84,1070.93,760.53,
10/2018,Tipo5,,1370.36,978.96,852.39
10/2018,Tipo6,,1174.14,906.57,801.18
10/2018,Tipo7,,1005.42,784.46,692.65
11/2018,Tipo1,,1130.67,804.54,693.3
11/2018,Tipo2,,1272.75,904.53,780.72
11/2018,Tipo3,,1263.82,921.75,807.44
11/2018,Tipo4,1242.23,1072.21,759.41,
11/2018,Tipo5,,1371.07,976.82,849.77
11/2018,Tipo6,,1174.97,905.32,799.6
11/2018,Tipo7,,1007.37,784.17,691.85
12/2018,Tipo1,,1135.12,808.03,696.09
12/2018,Tipo2,,1277.33,908.24,783.72
12/2018,Tipo3,,1268.9,925.72,810.88
12/2018,Tipo4,1246.06,1075.92,762.21,
12/2018,Tipo5,,1376.1,981.04,853.22
12/2018,Tipo6,,1177.81,907.79,801.42
12/2018,Tipo7,,1009.98,786.58,693.68
1/2019,Tipo1,,1143.06,809.05,699.05
1/2019,Tipo2,,1286.46,909.44,786.75
1/2019,Tipo3,,1276.99,926.52,813.4
1/2019,Tipo4,1255.32,1083.62,763.26,
1/2019,Tipo5,,1385.61,982.41,856.37
1/2019,Tipo6,,1185.88,909.38,804.3
1/2019,Tipo7,,1014.89,786.36,695.11
2/2019,Tipo1,,1149.69,812.26,700.92
2/2019,Tipo2,,1292.96,912.43,788.69
2/2019,Tipo3,,1281.7,928.88,815.08
2/2019,Tipo4,1258,1087.82,765.77,
2/2019,Tipo5,,1391.62,984.86,858.41
2/2019,Tipo6,,1190.59,912.66,806.01
2/2019,Tipo7,,1017.96,789.07,697.03
3/2019,Tipo1,,1151.59,817.73,705.53
3/2019,Tipo2,,1295.56,918.84,794.1
3/2019,Tipo3,,1285.1,935.66,820.65
3/2019,Tipo4,1265.23,1090.91,771.53,
3/2019,Tipo5,,1394.62,991.75,864.05
3/2019,Tipo6,,1194.67,919.12,811.89
3/2019,Tipo7,,1022.36,795.08,702.06
4/2019,Tipo1,,1145.71,814.57,705.1
4/2019,Tipo2,,1289.88,915.84,793.8
4/2019,Tipo3,,1279.02,932.54,820.22
4/2019,Tipo4,1262.86,1084.85,768.23,
4/2019,Tipo5,,1389.16,989.02,864.09
4/2019,Tipo6,,1190.69,915.7,811.18
4/2019,Tipo7,,1018.39,792.26,701.81
5/2019,Tipo1,,1144.44,809.48,703.58
5/2019,Tipo2,,1289.03,910.42,792
5/2019,Tipo3,,1276.55,926.69,817.79
5/2019,Tipo4,1265.4,1083.24,763.2,
5/2019,Tipo5,,1388.77,983.62,862.25
5/2019,Tipo6,,1187.84,911.69,809.94
5/2019,Tipo7,,1017.29,788.2,700.71
6/2019,Tipo1,,1148.52,814.5,706.69
6/2019,Tipo2,,1294.19,916.32,795.7
6/2019,Tipo3,,1281.22,932,821.25
6/2019,Tipo4,1275.3,1087.47,767.79,
6/2019,Tipo5,,1393.32,989.36,865.85
6/2019,Tipo6,,1194.53,918.72,815.51
6/2019,Tipo7,,1024.23,794.83,706.03
7/2019,Tipo1,,1150.12,816.16,707.79
7/2019,Tipo2,,1295.94,918.13,796.87
7/2019,Tipo3,,1282.71,933.68,822.33
7/2019,Tipo4,1276.54,1088.56,768.98,
7/2019,Tipo5,,1395.74,991.77,867.42
7/2019,Tipo6,,1194.73,919.01,815.44
7/2019,Tipo7,,1023.91,794.56,705.33
8/2019,Tipo1,,1176.11,835.78,725.48
8/2019,Tipo2,,1325.61,940.45,816.97
8/2019,Tipo3,,1313.41,957.88,844.32
8/2019,Tipo4,1301.29,1113.16,788.12,
8/2019,Tipo5,,1427.41,1015.54,889.18
8/2019,Tipo6,,1223.56,942.39,836.27
8/2019,Tipo7,,1048.46,814.73,723.82
9/2019,Tipo1,,1180.37,838.67,728.01
9/2019,Tipo2,,1330.28,943.61,819.73
9/2019,Tipo3,,1317.84,960.78,846.79
9/2019,Tipo4,1307.25,1117.11,790.73,
9/2019,Tipo5,,1432.55,1018.99,892.22
9/2019,Tipo6,,1227.4,944.5,837.9
9/2019,Tipo7,,1050.82,816.24,725.01
10/2019,Tipo1,,1196.2,847.55,734.83
10/2019,Tipo2,,1347.45,953.56,827.38
10/2019,Tipo3,,1334.01,969.71,853.67
10/2019,Tipo4,1320.38,1132.32,798.97,
10/2019,Tipo5,,1449.73,1029.28,900.2
10/2019,Tipo6,,1240.01,952.3,843.43
10/2019,Tipo7,,1060.44,822.99,729.97
11/2019,Tipo1,,1212.82,859.16,747.16
11/2019,Tipo2,,1365.92,966.47,840.84
11/2019,Tipo3,,1351.81,982.52,867.15
11/2019,Tipo4,1337.47,1147.55,809.56,
11/2019,Tipo5,,1469.44,1043.46,914.9
11/2019,Tipo6,,1257.69,965.79,857.17
11/2019,Tipo7,,1073.41,832.9,740.71
12/2019,Tipo1,,1217.45,861.03,748.89
12/2019,Tipo2,,1371.08,968.53,842.72
12/2019,Tipo3,,1357.53,984.83,869.29
12/2019,Tipo4,1343.19,1152.86,811.26,
12/2019,Tipo5,,1474.19,1045.64,916.82
12/2019,Tipo6,,1263.39,968.44,859.7
12/2019,Tipo7,,1077.16,834.52,742.18
1/2020,Tipo1,,1224.02,863.63,751.35
1/2020,Tipo2,,1378.31,971.4,845.42
1/2020,Tipo3,,1363.3,986.97,871.19
1/2020,Tipo4,1348.24,1158.58,813.64,
1/2020,Tipo5,,1482.06,1048.73,919.75
1/2020,Tipo6,,1267.52,970.8,861.71
1/2020,Tipo7,,1081.5,836.87,744.35